<?xml version="1.0"?>
<!DOCTYPE module PUBLIC
    "-//Checkstyle//DTD Checkstyle Configuration 1.3//EN"
    "https://checkstyle.org/dtds/configuration_1_3.dtd">
<module name="Checker">
  <module name="TreeWalker">
    <module name="WhitespaceAround"/>
    <module name="NeedBraces"/>
    <module name="WhitespaceAfter"/>
    <module name="Indentation"/>
    <module name="LeftCurly"/>
    <module name="RightCurly"/>
    <module name="EmptyBlock"/>
    <module name="NoLineWrap"/>
    <module name="FinalParameters"/>
    <module name="AvoidStarImport"/>
    <module name="UnusedImports"/>
    <module name="JavadocMethod"/>
  </module>
</module>
