{
  "info": {
    "name": "TransactionMS API",
    "_postman_id": "b9a6c0f8-5b33-4d44-9e1c-000000000001",
    "description": "Colección para probar el microservicio de transacciones",
    "schema": "https://schema.getpostman.com/json/collection/v2.1.0/collection.json"
  },
  "item": [
    {
      "name": "Crear transacción",
      "request": {
        "method": "POST",
        "header": [
          {
            "key": "Content-Type",
            "value": "application/json"
          }
        ],
        "url": {
          "raw": "http://localhost:8080/transactions",
          "protocol": "http",
          "host": [
            "localhost"
          ],
          "port": "8080",
          "path": [
            "transactions"
          ]
        },
        "body": {
          "mode": "raw",
          "raw": "{\"accountId\":\"acc-1\",\"amount\":12.34}"
        }
      }
    },
    {
      "name": "Obtener por id",
      "request": {
        "method": "GET",
        "url": {
          "raw": "http://localhost:8080/transactions/{{id}}",
          "protocol": "http",
          "host": [
            "localhost"
          ],
          "port": "8080",
          "path": [
            "transactions",
            "{{id}}"
          ]
        }
      }
    },
    {
      "name": "Listar todo",
      "request": {
        "method": "GET",
        "url": {
          "raw": "http://localhost:8080/transactions",
          "protocol": "http",
          "host": [
            "localhost"
          ],
          "port": "8080",
          "path": [
            "transactions"
          ]
        }
      }
    }
  ]
}